{
	"partitions" : [
		{
			"name" : "Top",
			"pins" : [
				{
					"name" : "R1[0]",
					"strict" : false
				},
				{
					"name" : "R1[1]",
					"strict" : false
				},
				{
					"name" : "R1[2]",
					"strict" : false
				},
				{
					"name" : "R1[3]",
					"strict" : false
				},
				{
					"name" : "R1[4]",
					"strict" : false
				},
				{
					"name" : "R1[5]",
					"strict" : false
				},
				{
					"name" : "R1[6]",
					"strict" : false
				},
				{
					"name" : "sibdataout[0]",
					"strict" : false
				},
				{
					"name" : "sibdataout[1]",
					"strict" : false
				},
				{
					"name" : "sibdataout[2]",
					"strict" : false
				},
				{
					"name" : "sibdataout[3]",
					"strict" : false
				},
				{
					"name" : "sibdataout[4]",
					"strict" : false
				},
				{
					"name" : "sibdataout[5]",
					"strict" : false
				},
				{
					"name" : "sibdataout[6]",
					"strict" : false
				},
				{
					"name" : "sibTmp[0]",
					"strict" : false
				},
				{
					"name" : "sibTmp[1]",
					"strict" : false
				},
				{
					"name" : "sibTmp[2]",
					"strict" : false
				},
				{
					"name" : "sibTmp[3]",
					"strict" : false
				},
				{
					"name" : "sibTmp[4]",
					"strict" : false
				},
				{
					"name" : "sibTmp[5]",
					"strict" : false
				},
				{
					"name" : "sibTmp[6]",
					"strict" : false
				},
				{
					"name" : "status[0]",
					"strict" : false
				},
				{
					"name" : "status[1]",
					"strict" : false
				},
				{
					"name" : "status[2]",
					"strict" : false
				},
				{
					"name" : "Dataout[0]",
					"strict" : false
				},
				{
					"name" : "Dataout[1]",
					"strict" : false
				},
				{
					"name" : "Dataout[2]",
					"strict" : false
				},
				{
					"name" : "Dataout[3]",
					"strict" : false
				},
				{
					"name" : "Dataout[4]",
					"strict" : false
				},
				{
					"name" : "Dataout[5]",
					"strict" : false
				},
				{
					"name" : "Dataout[6]",
					"strict" : false
				},
				{
					"name" : "Dataout[7]",
					"strict" : false
				},
				{
					"name" : "status_bit[0]",
					"strict" : false
				},
				{
					"name" : "status_bit[1]",
					"strict" : false
				},
				{
					"name" : "status_bit[7]",
					"strict" : false
				},
				{
					"name" : "status_bit[8]",
					"strict" : false
				},
				{
					"name" : "status_bit[9]",
					"strict" : false
				},
				{
					"name" : "status_bit[13]",
					"strict" : false
				},
				{
					"name" : "status_bit[14]",
					"strict" : false
				},
				{
					"name" : "status_bit[15]",
					"strict" : false
				},
				{
					"name" : "sibTA[0]",
					"strict" : false
				},
				{
					"name" : "sibTA[1]",
					"strict" : false
				},
				{
					"name" : "sibTA[2]",
					"strict" : false
				},
				{
					"name" : "sibTA[3]",
					"strict" : false
				},
				{
					"name" : "sibTA[4]",
					"strict" : false
				},
				{
					"name" : "sibTA[5]",
					"strict" : false
				},
				{
					"name" : "sibTA[6]",
					"strict" : false
				},
				{
					"name" : "neg[6]",
					"strict" : false
				},
				{
					"name" : "regs[1]",
					"strict" : false
				},
				{
					"name" : "regs[0]",
					"strict" : false
				},
				{
					"name" : "regs[2]",
					"strict" : false
				},
				{
					"name" : "TA[0]",
					"strict" : false
				},
				{
					"name" : "TA[1]",
					"strict" : false
				},
				{
					"name" : "TA[2]",
					"strict" : false
				},
				{
					"name" : "TA[3]",
					"strict" : false
				},
				{
					"name" : "clk",
					"strict" : false
				},
				{
					"name" : "but",
					"strict" : false
				},
				{
					"name" : "TA[4]",
					"strict" : false
				}
			]
		}
	]
}