{
	"partitions" : [
		{
			"name" : "Top",
			"pins" : [
				{
					"name" : "cout_down",
					"strict" : false
				},
				{
					"name" : "pin_name1",
					"strict" : false
				},
				{
					"name" : "pin_name2",
					"strict" : false
				},
				{
					"name" : "pin_name3",
					"strict" : false
				},
				{
					"name" : "pin_name4",
					"strict" : false
				},
				{
					"name" : "EN",
					"strict" : false
				},
				{
					"name" : "S0",
					"strict" : false
				},
				{
					"name" : "S1",
					"strict" : false
				},
				{
					"name" : "In3",
					"strict" : false
				},
				{
					"name" : "CLK",
					"strict" : false
				},
				{
					"name" : "In2",
					"strict" : false
				},
				{
					"name" : "In0",
					"strict" : false
				},
				{
					"name" : "In1",
					"strict" : false
				}
			]
		}
	]
}