{
	"partitions" : [
		{
			"name" : "Top",
			"pins" : [
				{
					"name" : "sibG[0]",
					"strict" : false
				},
				{
					"name" : "sibG[1]",
					"strict" : false
				},
				{
					"name" : "sibG[2]",
					"strict" : false
				},
				{
					"name" : "sibG[3]",
					"strict" : false
				},
				{
					"name" : "sibG[4]",
					"strict" : false
				},
				{
					"name" : "sibG[5]",
					"strict" : false
				},
				{
					"name" : "sibG[6]",
					"strict" : false
				},
				{
					"name" : "G[0]",
					"strict" : false
				},
				{
					"name" : "G[1]",
					"strict" : false
				},
				{
					"name" : "G[2]",
					"strict" : false
				},
				{
					"name" : "G[3]",
					"strict" : false
				},
				{
					"name" : "M",
					"strict" : false
				},
				{
					"name" : "sibM[6]",
					"strict" : false
				},
				{
					"name" : "sibcout[0]",
					"strict" : false
				},
				{
					"name" : "sibcout[3]",
					"strict" : false
				},
				{
					"name" : "sibcout[4]",
					"strict" : false
				},
				{
					"name" : "sibcout[5]",
					"strict" : false
				},
				{
					"name" : "s[0]",
					"strict" : false
				},
				{
					"name" : "B[0]",
					"strict" : false
				},
				{
					"name" : "A[0]",
					"strict" : false
				},
				{
					"name" : "cin",
					"strict" : false
				},
				{
					"name" : "s[1]",
					"strict" : false
				},
				{
					"name" : "s[2]",
					"strict" : false
				},
				{
					"name" : "B[1]",
					"strict" : false
				},
				{
					"name" : "A[1]",
					"strict" : false
				},
				{
					"name" : "B[4]",
					"strict" : false
				},
				{
					"name" : "A[4]",
					"strict" : false
				},
				{
					"name" : "A[3]",
					"strict" : false
				},
				{
					"name" : "A[2]",
					"strict" : false
				},
				{
					"name" : "B[3]",
					"strict" : false
				},
				{
					"name" : "B[2]",
					"strict" : false
				}
			]
		}
	]
}