{
	"partitions" : [
		{
			"name" : "Top",
			"pins" : [
				{
					"name" : "Output0",
					"strict" : false
				},
				{
					"name" : "Output1",
					"strict" : false
				},
				{
					"name" : "Output2",
					"strict" : false
				},
				{
					"name" : "Output3",
					"strict" : false
				},
				{
					"name" : "D0",
					"strict" : false
				},
				{
					"name" : "S1",
					"strict" : false
				},
				{
					"name" : "S0",
					"strict" : false
				},
				{
					"name" : "CLK",
					"strict" : false
				},
				{
					"name" : "D1",
					"strict" : false
				},
				{
					"name" : "D2",
					"strict" : false
				},
				{
					"name" : "D3",
					"strict" : false
				}
			]
		}
	]
}